Patients,B cells ,Plasma cells,CD8+ T cells,CD4+ T  naive,CD4+ T cells,Tregs,T gamma delta,NK cells ,Monocytes,M0,M1,M2,Dendritic cells,Mast Cells,Eosinophils,Neutrophils,P-value,Correlation,RMSE
TCGA-61-1910-01,0.010706965,0.011248837,0.014983804,0,0.121834107,0.040251907,0,0.057044571,0,0.330965352,0.086413193,0.277061723,0.003200713,0.044546662,0,0.001742165,0,0.489890235,0.873579897
TCGA-61-1728-01,0.024906876,0.060641148,0,0,0.229945157,0.037878704,0,0.046470525,0.02056388,0.316565286,0.039055783,0.201251279,0,0.02206751,0.00065385,0,0,0.606840809,0.802477956
TCGA-09-1666-01,0.052972808,0.019188024,0.015840164,0,0.282868443,0.041839974,0,0.050446617,0,0.166545184,0.119535575,0.231024803,0,0.016356855,0,0.003381553,0,0.613813676,0.802462035
TCGA-24-1469-01,0.051904876,0.054207116,0,0,0.249326004,0.064050313,0,0.059424937,0,0.31547116,0.071884145,0.130029908,0,0.00370154,0,0,0,0.637899928,0.785217238
TCGA-04-1348-01,0.028730199,0.011594109,0.080796734,0,0.268463573,0.092297926,0,0.058747179,0.0321666,0.164292551,0.08846881,0.169997806,0,0.004444514,0,0,0,0.702422603,0.749162884
TCGA-61-1917-01,0.037384888,0.015828147,0.050560263,0,0.159288899,0.076747391,0,0.053872027,0.029064807,0.239702743,0.082446304,0.242859861,0,0.01224467,0,0,0,0.777530239,0.694283142
TCGA-61-2009-01,0.0062435,0.066561092,0.076162224,0,0.247635577,0.006138668,0,0.020152526,0.018208432,0.103377966,0.085807889,0.308679207,0.026961603,0.027827422,0,0.006243894,0,0.709521982,0.75347016
TCGA-31-1950-01,0.053502352,0.151035566,0.030104854,0,0.16985832,0.096346614,0,0.032194405,0.028217778,0.028468343,0.121655993,0.182040549,0.060383205,0.043854045,0,0.002337977,0,0.404183093,0.913881325
TCGA-31-1951-01,0.043486871,0.042544148,0.011874144,0,0.281102111,0.038930023,0,0.08537037,0.025673163,0.162549575,0.133696626,0.165409163,0.003134463,0.005351602,0,0.00087774,0,0.555746764,0.836172927
TCGA-61-1995-01,0.008348635,0.006604786,0.049662894,0,0.262647394,0.119377323,0,0.026339309,0.02429809,0.111342807,0.041622783,0.330007547,4.0092E-05,0.019708339,0,0,0,0.521200661,0.854977157
TCGA-24-2297-01,0.011455713,0.134892911,0.001718673,0,0.268500849,0.047069333,0,0.079559691,0.044683797,0.16208027,0.05105113,0.121283604,0.038276463,0.039427564,0,0,0,0.303390693,0.956280253
TCGA-24-1555-01,0.042449444,0.004384247,0.009345395,0,0.259885672,0.06076805,0,0.044225897,0.018371775,0.157627002,0.073860685,0.279952427,0.022109405,0.022035304,0,0.004984698,0,0.393490095,0.920915323
TCGA-25-1322-01,0.083109993,0.046463072,0,0,0.198225196,0.004720811,0,0.045309819,0.045963192,0.142930604,0.043665374,0.261386624,0.099439682,0.01661047,0,0.012175164,0,0.430681739,0.901741812
TCGA-24-1427-01,0.051757844,0.050420165,0.11218492,0,0.242583653,0.065964239,0,0.011387442,0.063705412,0.048683055,0.044828222,0.272506723,0.018259165,0.010405794,0,0.007313366,0,0.409630624,0.911601694
TCGA-29-1698-01,0.08904515,0.05316273,0.034323971,0,0.258303379,0.089210591,0,0.025314302,0.028750165,0.117237118,0.069290869,0.205545594,0.015331761,0.011291634,0,0.003192736,0,0.512631871,0.862818825
TCGA-23-1023-01,0.046091538,0.032744343,0.042921605,0,0.334889058,0.039770739,0,0.059344822,0.037781122,0.172419691,0.082998126,0.090609385,0.031833709,0.028595861,0,0,0,0.556657888,0.837675825
TCGA-13-0924-01,0.063379484,0.047117583,0.106706408,0,0.211668786,0.071753529,0,0.049006264,0.037251456,0.083079721,0.109287082,0.186970235,0,0.032401245,0,0.001378208,0,0.74289304,0.73477088
TCGA-24-1847-01,0.03781611,0.029362876,0.142298634,0,0.293849981,0.051264717,0,0.06666943,0.026849438,0.08980889,0.088801472,0.159499492,0.00569006,0.008088901,0,0,0,0.662370746,0.774874751
TCGA-24-1843-01,0.020095951,0.129813286,0.077957621,0,0.189344559,0.05545361,0,0.033026025,0.025486756,0.198908769,0.040048545,0.210357364,0.006996297,0.012511216,0,0,0,0.769289825,0.724795598
TCGA-25-1321-01,0.063734266,0.090764046,0,0,0.233778049,0.012704747,0,0.046605219,0.034315819,0.098956356,0.059399432,0.271290489,0.017209239,0.051764596,0,0.01947774,0,0.277775519,0.969429482
TCGA-30-1891-01,0.055281838,0.075948261,0.054530537,0,0.1918271,0.0649896,0,0.016816026,0.006670278,0.189409818,0.053784735,0.24960417,0,0.034613858,0,0.006523776,0,0.461623695,0.887216366
TCGA-25-1326-01,0.0116238,0.085891001,0.047606613,0,0.230780026,0.030021624,0,0.037928507,0.025330192,0.115029015,0.068156571,0.310265266,0,0.027845313,0,0.009522073,0,0.638140541,0.796480379
TCGA-29-2414-01,0.094109844,0.130165359,0.050451281,0,0.21423885,0.039487082,0,0.012494741,0.003862071,0.318757189,0.007432166,0.099913134,0.004552534,0.02256886,0,0.001966887,0,0.384663534,0.925704001
TCGA-09-1670-01,0.053622953,0.001728824,0,0,0.308965686,0.003490773,0,0.026462671,0.161051916,0,0.040156773,0.349116694,0.047618671,0.007302852,0,0.000482188,0,0.445553898,0.894546584
TCGA-24-2033-01,0.125673034,0.109238238,0.058351318,0,0.158797055,0.039097423,0,0.046643642,0.027271572,0,0.034494957,0.282223331,0.001384079,0.101570346,0.004139511,0.011115493,0.016,0.21938254,0.991055652
TCGA-29-2414-02,0.070439536,0.000140382,0.114559278,0,0.262297907,0.086242169,0,0.028342635,0,0.113657412,0.111272705,0.196838364,0.01034255,0.005867062,0,0,0,0.69441254,0.755715409
TCGA-61-1741-01,0.062414941,0.104856623,0,0,0.239250629,0.065804771,0,0.059104576,0,0.225055423,0.079355822,0.162371168,0,0,0,0.001786047,0,0.59465815,0.819487276
TCGA-31-1953-01,0.002602024,0.010580652,0.033647358,0,0.237996666,0.054526894,0,0.083475195,0.066244426,0.173223597,0.064872003,0.250778526,0.013651477,0.008401179,0,0,0,0.773572178,0.705257614
TCGA-30-1855-01,0.054785519,0.024537417,0.066211594,0,0.20099421,0.095852215,0,0.055611412,0.020151153,0.162003593,0.076396785,0.203397244,0.007497724,0.032561135,0,0,0,0.574766262,0.828535691
TCGA-25-1324-01,0.066677159,0.067661553,0.072647094,0,0.256148357,0.06711815,0,0.082237412,0.042765458,0.146598165,0.096709936,0.025590454,0.040043041,0.035803221,0,0,0.034,0.189578078,1.009987619
TCGA-09-2056-01,0.030223092,0.016957593,0.074715853,0,0.240477595,0.040439392,0,0.024762694,0.057215863,0.068783378,0.065822878,0.261909375,0.017701897,0.093960031,0,0.007030361,0,0.397767108,0.917444455
TCGA-29-1701-01,0.03872963,0.036009463,0.099790855,0,0.264981322,0.038335796,0.009427542,0.010636977,0.049833144,0.028264935,0.0918226,0.306796333,0.006840751,0.002500453,0.007285034,0.008745166,0,0.627903445,0.799790775
TCGA-25-1633-01,0.081074536,0.010922967,0.10734776,0,0.262601321,0.074392893,0,0.012261274,0.052111108,0.017043673,0.074349647,0.260349394,0.022072452,0.012261436,0,0.013211539,0,0.612818079,0.809776534
TCGA-25-2396-01,0.047026757,0.064002236,0.072585366,0,0.258596319,0.088603514,0,0.071447728,0.03593291,0.055312585,0.076909959,0.209119462,0,0.016881264,0,0.003581901,0,0.498660558,0.868529237
TCGA-61-1914-01,0.047741043,0.087499287,0,0,0.174208433,0.011034402,0.007636672,0.03787571,0.034412308,0.07620552,0.133734565,0.335256275,0.011401912,0.029413903,0.003137811,0.010442159,0,0.617281775,0.801529703
TCGA-61-2094-01,0.021792515,0.107786122,0.13086585,0,0.227195008,0.062081092,0,0.045869525,0,0.17116461,0.092413076,0.132098453,0,0.008733749,0,0,0,0.68873194,0.767240786
TCGA-29-1705-01,0.022656374,0.013407708,0.043973229,0,0.266279202,0.031177646,0,0.021849577,0.013942975,0.256006318,0.028609248,0.285236802,0,0.016860924,0,0,0,0.637186045,0.782185414
TCGA-36-1580-01,0.002593703,0.025065734,0.065862883,0,0.233540927,0.074724671,0,0.028401545,0.033859013,0.215357329,0.049370466,0.21996779,0.023357405,0.027898536,0,0,0,0.671535309,0.769918647
TCGA-25-2401-01,0.032071829,0.030867639,0.032541003,0,0.213767939,0.03547113,0,0.018561398,0.056988663,0.129971767,0.08455418,0.30794125,0.036269685,0.013906658,0,0.007086862,0,0.739462773,0.730612512
TCGA-5X-AA5U-01,0.031898401,0.013404191,0,0,0.208902738,0.054052014,0,0.047237078,0,0.583246673,0.006528684,0.038288772,0.00789849,0.008542959,0,0,0,0.383284558,0.957266302
TCGA-13-0916-01,0.049180353,0.043767137,0.097442867,0,0.209098699,0.053894849,0,0.055137752,0,0.215023999,0.145153919,0.121184355,0,0.010116069,0,0,0,0.597932672,0.810054272
TCGA-23-2084-01,0.07656279,0.081043103,0.014998612,0,0.199712591,0.035925276,0,0.048563152,0.14020845,0.008242049,0.080933519,0.217300432,0.074573616,0.02193641,0,0,0,0.450876366,0.893179383
TCGA-36-1577-01,0.114530121,0.078373214,0.096519691,0,0.082736117,0.045148741,0,0.014734413,0.049813018,0.256200833,0,0.206090987,0.029585049,0.004067269,0,0.022200546,0,0.392862109,0.921390031
TCGA-24-1551-01,0.010275258,0.024027344,0.072979862,0,0.224872949,0.085559758,0,0.071203996,0.070199091,0.209554877,0.054638917,0.16625227,0,0.010435678,0,0,0,0.742778255,0.726381237
TCGA-61-1998-01,0.058043827,0,0,0,0.146545061,0.032253835,0,0.029145228,0.046769068,0.395346563,0.03684326,0.251936202,0,0.003116958,0,0,0,0.796922788,0.644883062
TCGA-20-1684-01,0.112109205,0.121171953,0,0,0.221828809,0.019240639,0,0.028996601,0.000952122,0.160729968,0.033682816,0.172740549,0.08818878,0.040358558,0,0,0,0.289227565,0.962879897
TCGA-24-1556-01,0.056014163,0.082338222,0.043189442,0,0.195666511,0.058567997,0,0.056171474,0.022661019,0.127201855,0.071326272,0.224207507,0.055042602,0.007612937,0,0,0,0.599076684,0.820669621
TCGA-57-1582-01,0.080149502,0.067947082,0.025930667,0,0.31010742,0.036505613,0,0.025115341,0.024568078,0.087875334,0.073277122,0.234411665,0.000814725,0.023710244,0.009587206,0,0,0.52611372,0.857993069
TCGA-04-1362-01,0.079741021,0.067726276,0.015866654,0,0.263558426,0.020438827,0,0.06205531,0.12771274,0.026138185,0.021183957,0.244955778,0.050846231,0.019633277,0.000143318,0,0,0.336799037,0.943328156
TCGA-61-2113-01,0.042818188,0.046326549,0.031884328,0,0.297779875,0,0,0.045038497,0.02059543,0.129521573,0.079975605,0.19021373,0.070542068,0.042659805,0,0.002644351,0,0.594847264,0.81947862
TCGA-24-1924-01,0.051951586,0.047868853,0.082828732,0,0.26648362,0.036558612,0,0.041680733,0.044869598,0.055617777,0.107597212,0.228786882,0.013333927,0.008941422,0,0.013481047,0,0.668705854,0.778593735
TCGA-31-1946-01,0.020733441,0.032967904,0.019248338,0,0.20259655,0.033377015,0,0.031556372,0,0.338342069,0.049187316,0.243202971,0.016385432,0.012402593,0,0,0,0.771637939,0.682006476
TCGA-29-1699-01,0.06162752,0.075281489,0,0,0.241037922,0.020412513,0,0.092024352,0.042607917,0,0.097382757,0.279245649,0.05565263,0.03145073,0,0.003276522,0,0.534831757,0.852818962
TCGA-61-2002-01,0.027251333,0.02444954,0.083997124,0,0.2625678,0.104568597,0,0.065480153,0.046354354,0.099513184,0.08250267,0.135492735,0.012636588,0.04267343,0,0.01251249,0,0.669816389,0.776481405
TCGA-24-2035-01,0.060354725,0.009157219,0.001488898,0,0.265916683,0.016324562,0,0.038190475,0.086555082,0,0.090421979,0.318396208,0.006203372,0.094181841,0,0.012808957,0,0.569634869,0.83504524
TCGA-09-1674-01,0.195372115,0.132290001,0.001467817,0,0.302630577,0.013043881,0,0.033832141,0.00359968,0.197010431,0.002638269,0.068118174,0.021591159,0.028405754,0,0,0.01,0.223437558,0.992884976
TCGA-29-1710-01,0.02077318,0.049920943,0.067633406,0,0.219308601,0.111375147,0,0.080650607,0.013341918,0.067284802,0.045294512,0.252515776,0.056712735,0.012057215,0,0.003131159,0,0.696172685,0.763433949
TCGA-24-1436-01,0.041597018,0.094865046,0.002097367,0,0.253622116,0.019261404,0,0.098002948,0.06959502,0.025612658,0.017513727,0.219242744,0.132621233,0.019936617,0,0.006032102,0,0.427916403,0.903914165
TCGA-13-1497-01,0.015354353,0.102916117,0.037628498,0,0.315546013,0.031487101,0,0.054736242,0.026717615,0.171810566,0.091575162,0.126195991,0.010367839,0.015664502,0,0,0,0.576696698,0.8292355
TCGA-24-2271-01,0.070741008,0.048944839,0.056366847,0,0.348879814,0.062755979,0,0.05887358,0.049382206,0.08256202,0.076108212,0.113461702,0.01600757,0.015916223,0,0,0,0.379522134,0.926136622
TCGA-24-1552-01,0.069407599,0.175762483,0,0,0.197041718,0.027628004,0,0.022602237,0.004000078,0.156662353,0.052589087,0.264366504,0,0.027786086,0.002153852,0,0,0.295426819,0.961646874
TCGA-61-1724-01,0.05476819,0.096049806,0.006160701,0,0.236871394,0.05069284,0,0.081894539,0.026891245,0.188143029,0.071083752,0.179971097,0,0.007473408,0,0,0,0.438313641,0.89838215
TCGA-20-1685-01,0.012182671,0,0.026453374,0,0.250794965,0.046152037,0,0.019119745,0.0384774,0.163804155,0.071338927,0.366180564,0,0.002584464,0,0.002911697,0,0.713532224,0.734014002
TCGA-24-1423-01,0.051361394,0.073461477,0.026723269,0,0.261978755,0.072753643,0,0.075892784,0.030005188,0.167603901,0.097110721,0.12309042,0.003210821,0.016807626,0,0,0,0.332985759,0.947706703
TCGA-25-2398-01,0.021870199,0.017862048,0.031390191,0,0.221138418,0.007040472,0,0.016655268,0.026811421,0.392497785,0.055072194,0.177538052,0.019607884,0.012516067,0,0,0,0.769732569,0.674800944
TCGA-29-1763-01,0.080597959,0.064640542,0.021471859,0,0.179717811,0.02107505,0,0.049410531,0.035994106,0.11941454,0.041569565,0.311459293,0.050384406,0.01988119,0,0.00438315,0,0.447815566,0.89383277
TCGA-29-1703-01,0.072269668,0.069503067,0.024473784,0,0.24823276,0.053650432,0,0.066473382,0.018519113,0.132951721,0.068801082,0.226140222,0.012793416,0.003068712,0,0.003122641,0,0.334151508,0.946305918
TCGA-10-0936-01,0.03535305,0.178972132,0.062940327,0,0.215423564,0.140105758,0,0.046188674,0.0244394,0.037262618,0.065035919,0.134510315,0.057923973,0.001844269,0,0,0,0.402861731,0.914691253
TCGA-25-2409-01,0.02244083,0.011389012,0.02834447,0,0.219028001,0.061434784,0,0.088223458,0.104181267,0.030383059,0.077569433,0.30057619,0.041890709,0.013632997,0,0.00090579,0,0.422691123,0.905529527
TCGA-30-1718-01,0.06926472,0.054477388,0.058575369,0,0.257063156,0.065386917,0,0.037087025,0.028260013,0.055185664,0.067018926,0.264600405,0.030064031,0.00863245,0,0.004383936,0,0.458356081,0.888887988
TCGA-29-1711-01,0.05612081,0.022805869,0.071785944,0,0.258307029,0.069066904,0,0.063714724,0.017709745,0.116045852,0.133835523,0.173477967,0,0.017129633,0,0,0,0.591588024,0.816027386
TCGA-61-2008-01,0.042802918,0.136644905,0.06346123,0,0.197953894,0.052291233,0,0.041792609,0.035390479,0.037076282,0.066208659,0.301219512,0.003597429,0.016176904,0,0.005383946,0,0.387291885,0.921449062
TCGA-61-1740-01,0.044146773,0.088647532,0.063649297,0,0.273576659,0.036978175,0,0.035110919,0.012254026,0.09313302,0.118862897,0.233640702,0,0,0,0,0,0.736693603,0.73904704
TCGA-29-1785-01,0.014780028,0.003763779,0.136429346,0,0.196299792,0.124500712,0,0.072003659,0.038361109,0,0.111531903,0.262704962,0.006162675,0.022626563,0,0.010835471,0,0.677171993,0.762705059
TCGA-13-1506-01,0.09384897,0.04944752,0.004931338,0,0.205000799,0.07276296,0,0.07429627,0.044458965,0.129239118,0.020379945,0.087031537,0.161124093,0.04837605,0,0.009102435,0,0.45970375,0.888115536
TCGA-29-1781-01,0.03783715,0.137039532,0.1009359,0,0.136672426,0.055799718,0.002277399,0.017859313,0,0.179104713,0.089836782,0.235811585,0.00333716,0.003488323,0,0,0,0.728031159,0.747397916
TCGA-36-1570-01,0.042655284,0.143591551,0.022706723,0,0.185435444,0.040733453,0,0.038111009,0.051256564,0.083959898,0.068111908,0.273899274,0.048752238,0.000602749,0,0.000183904,0,0.450332096,0.893587587
TCGA-24-1930-01,0.025138539,0.083936265,0.041600071,0,0.225923162,0.031228659,0,0.0374946,0.019304511,0.117017052,0.068099564,0.34171802,0,0.006251305,0,0.002288253,0,0.585842072,0.823013256
TCGA-13-0799-01,0.11534989,0.141818761,0.015245778,0,0.250008174,0.032838292,0,0.047616112,0.020628602,0.115611564,0.075378357,0.058021816,0.12299717,0.004485483,0,0,0,0.392660748,0.91905823
TCGA-30-1862-01,0.04363481,0.172941455,0.05815615,0,0.312358086,0.051373219,0,0.037746393,0.038957728,0.021362013,0.061273898,0.164423551,1.80386E-05,0.037754661,0,0,0,0.413624624,0.910253617
TCGA-23-1114-01,0.143781563,0.021287157,0,0,0.217082688,0.025251302,0,0.021979317,0.020510135,0.293423744,0,0.135638387,0.076609663,0.044436043,0,0,0.03,0.196639335,1.01695113
TCGA-25-1626-01,0.0591327,0.049377079,0.086736433,0,0.225636475,0.03084719,0,0.031618821,0.054444162,0.077324435,0.036805458,0.222873803,0.024650967,0.093125359,0,0.007427118,0,0.567461326,0.836053823
TCGA-61-2097-01,0.095317048,0.007940078,0,0,0.191556714,0.029023315,0,0.038857929,0.032590239,0.155332552,0.043127543,0.234135428,0.076394438,0.07920048,0,0.016524237,0,0.488700433,0.872541421
TCGA-24-1616-01,0.069663929,0.068003269,0.018359188,0,0.265524148,0.053534269,0,0.0780446,0.023672196,0.105202501,0.059005059,0.187560899,0.030185599,0.038819072,0,0.00242527,0,0.286346755,0.967255483
TCGA-23-1109-01,0.052968159,0.006104585,0.052823505,0,0.150787982,0.07340992,0,0.049554432,0.026127001,0.223598839,0.030874467,0.267248873,0.036377367,0.03012487,0,0,0,0.644983009,0.783992626
TCGA-29-2427-01,0.024632845,0.025352647,0.087576683,0,0.194912792,0.082738951,0,0.066254934,0.005101386,0.106420374,0.105231834,0.272548677,0.004590849,0.024638027,0,0,0,0.69746109,0.756976542
TCGA-29-1695-01,0.009102374,0.002213738,0.030230545,0,0.161187316,0.028009401,0,0.01243633,0,0.455954375,0.059749201,0.210520326,0,0.030596393,0,0,0,0.85679845,0.572583198
TCGA-61-1737-01,0.007089776,0.007427141,0.025024476,0,0.244253293,0.050548948,0,0.033099075,0.00636127,0.239296515,0.066893743,0.289682661,0.011390175,0.018932928,0,0,0,0.739955871,0.714609023
TCGA-29-2425-01,0.03538798,0.054803842,0.022508554,0,0.190664252,0.049445195,0,0.06813875,0,0.303406309,0.062955841,0.194824266,0,0.017865012,0,0,0,0.554049414,0.834451429
TCGA-09-1662-01,0.027224889,0.000328415,0.038907695,0,0.218088087,0.080742977,0,0.068151019,0.06568742,0.229932451,0.039147523,0.216263953,0.009375182,0.001831349,0,0.00431904,0,0.642545486,0.783928966
TCGA-13-1512-01,0.038832637,0.02655077,0.045515174,0,0.159541186,0.040795301,0,0.042281353,0,0.309798414,0.098971073,0.18613049,0.009797074,0.039770446,0,0.002016083,0,0.733929538,0.715015977
TCGA-29-1697-01,0.120513551,0.118051019,0.019482629,0,0.159851337,0.015372328,0,0.091976901,0.008926873,0.066184714,0.090522173,0.171281858,0.133858765,0.003977853,0,0,0,0.348853527,0.939019512
TCGA-24-2024-01,0.043595351,0.089620228,0.012798289,0,0.232873269,0.009251721,0,0.041130798,0.006107328,0.205916471,0.054478851,0.229528399,0.007311754,0.052952799,0,0.014434741,0,0.412145003,0.910968878
TCGA-57-1583-01,0.003899287,0.040120241,0,0,0.163536817,0.0484398,0,0.050419766,0,0.446259543,0.034890458,0.136117569,0.052027318,0.024289202,0,0,0,0.539309194,0.842204062
TCGA-24-1562-01,0.019786208,0.030192734,0.057713296,0,0.238748128,0.108321854,0,0.056627753,0.017419866,0.244697048,0.032945243,0.166065141,0.010949664,0.016533065,0,0,0,0.64261508,0.784902197
TCGA-57-1584-01,0.036661278,0.047481036,0.026469841,0,0.221778395,0.05143473,0,0.060180364,0.123574686,0.011147955,0.029175353,0.287350559,0.067049299,0.037696504,0,0,0,0.287184851,0.964349824
TCGA-13-1411-01,0.014076039,0.004966967,0.055551476,0,0.188594688,0.044007242,0,0.087363803,0.0142441,0.222612147,0.067021501,0.272686489,0.00253226,0.001639805,0,0.024703483,0,0.822637126,0.656102348
TCGA-61-2088-01,0.053201531,0.11509862,0.018377851,0,0.22079974,0.020682111,0,0.063936926,0.03789383,0.071883132,0.040386518,0.288159144,0,0.069439646,0,0.00014095,0.14,0.106516695,1.037661499
TCGA-25-1625-01,0.059595298,0.042467728,0.049349504,0,0.211705068,0.029007193,0,0.044076825,0.093188791,0,0.022620792,0.316168624,0.075846983,0.048324709,0,0.007648485,0,0.382962251,0.923561172
TCGA-24-2288-01,0.119867136,0.147529683,0.076494437,0,0.2735332,0.028500552,0,0.0295745,0.011823214,0.029361262,0.094087073,0.176396181,0.00870352,0.003245749,0,0.000883491,0,0.563276482,0.840805464
TCGA-25-1623-01,0.044322135,0.080784203,0.053060387,0,0.246906441,0.058500858,0.013312903,0.039558738,0.025234762,0.113449611,0.07137341,0.194256825,0.014709226,0.038054534,0,0.006475967,0,0.737682633,0.750343174
TCGA-25-1312-01,0.088638903,0.091280923,0.020333746,0,0.205915635,0.056457114,0,0.05477499,0.100052866,0.015252636,0.026677818,0.291114167,0.043067601,0.006433601,0,0,0,0.371978064,0.928021849
TCGA-61-1725-01,0.032926994,0.053957515,0.050978608,0,0.276024281,0.022706881,0,0.038404798,0.026118948,0.067177332,0.092980242,0.304333521,0,0.01652303,0,0.01786785,0,0.638112682,0.795594805
TCGA-25-2042-01,0.087156198,0.053893696,0.073431782,0,0.19730014,0.040563082,0,0.017230238,0.027310764,0.028357435,0.022660113,0.314584232,0.03556662,0.063573209,0,0.038372493,0.012,0.2228357,0.992610276
TCGA-23-1026-01,0.021744219,0.011088008,0.07249379,0,0.257153792,0.046388572,0,0.093404178,0.020879806,0.130274835,0.095276033,0.22902687,0.005552026,0.012945581,0,0.00377229,0,0.537562845,0.845430804
TCGA-29-1770-01,0.041060768,0.139751841,0.008764646,0,0.132991353,0.008607987,0,0.053478278,0.004630326,0.191676802,0.007476457,0.297148185,0.057692706,0.039496031,0,0.01722462,0,0.400979453,0.916968273
TCGA-09-2054-01,0.151430698,0.108184297,0.015074225,0,0.144414931,0.056523435,0,0.024482573,0.024511401,0.171630713,0.049607683,0.242512368,0,0.011627677,0,0,0,0.478358627,0.880044398
TCGA-61-1919-01,0.028310108,0.032766978,0.022852209,0,0.182592916,0.039467009,0,0.026596728,0.018517538,0.291716642,0.088551562,0.243001827,0,0.021889142,0,0.00373734,0,0.850525866,0.629002354
TCGA-61-1900-01,0.167788272,0.196666938,0.026581015,0,0.216754085,0.014178394,0,0.059108802,0.0220664,0.061502703,0.051441803,0.175187804,0.001338498,0.007385288,0,0,0,0.327078055,0.945973583
TCGA-24-1558-01,0.023384251,0.075203163,0,0,0.216169349,0.048031592,0,0.071338529,0,0.381040852,0.013988151,0.15020444,0.006249741,0.014389932,0,0,0,0.581747841,0.815659083
TCGA-59-2354-01,0.07500391,0.029095374,0.050537974,0,0.253921184,0.075798617,0,0.056370193,0.011855678,0.14343901,0.078643771,0.218681557,0,0.00665273,0,0,0,0.676785626,0.772368897
TCGA-09-2051-01,0.091055537,0.070980945,0.00044717,0,0.24039853,0.039278079,0,0.080020303,0.03144647,0.069444648,0.046729603,0.232375079,0.077963863,0.017094141,0,0.002765633,0,0.515482497,0.864261788
TCGA-09-1667-01,0.028317321,0.022733369,0.004088033,0,0.294604396,0.064850129,0,0.087359451,0.023114104,0.205313397,0.097776934,0.144446133,0,0.027396733,0,0,0,0.686023487,0.76206012
TCGA-23-1809-01,0.097977569,0.066261165,0.002986107,0,0.206896521,0.0170592,0,0.044290672,0.022945514,0.355834404,0.046590165,0.119660187,0.006342846,0.013155649,0,0,0,0.315102793,0.964162882
TCGA-31-1956-01,0.019635808,0.050144893,0.080144922,0,0.254539587,0.050059456,0,0.026784828,0.013673402,0.188627824,0.049131921,0.248233286,0.007885627,0.009619733,0,0.001518713,0,0.706879695,0.751344683
TCGA-13-0730-01,0.04107885,0.056807749,0.143593265,0,0.109757215,0.055593705,0,0.032375068,0.004650461,0.218205941,0.013899233,0.233853594,0.063243243,0.024687495,0,0.00225418,0,0.435411788,0.899866029
TCGA-04-1519-01,0.031472596,0.232964629,0,0,0.175752717,0.081927186,0,0.073964147,0.007726661,0.116549546,0.011084773,0.238491553,0.025655145,0.004411046,0,0,0.038,0.183310984,1.001508148
TCGA-25-1870-01,0.054299388,0.020843367,0.001101822,0,0.135494739,0.023551698,0,0.064368999,0.03346417,0.038560495,0.023374753,0.408734612,0.005022927,0.191183029,0,0,0.006,0.24135706,1.005081734
TCGA-29-1688-01,0.049612927,0.020592007,0.047818219,0,0.214675614,0.038573451,0,0.048213981,0.020897991,0.116158644,0.089387433,0.314157096,0,0.037333872,0,0.002578766,0,0.531909542,0.850339395
TCGA-61-2104-01,0.036352334,0.063131306,0.021714259,0,0.238674703,0.077440038,0,0.035468396,0.024789967,0.184796432,0.110059976,0.191119095,0.006375704,0.006938762,0,0.003139028,0,0.634059737,0.794577511
TCGA-13-0801-01,0.023469648,0.009662919,0.040720308,0,0.11033575,0.046072835,0,0.032505218,0.067163508,0.222645481,0.065881409,0.356185084,0.019561685,0.005796156,0,0,0,0.795506538,0.666675302
TCGA-24-1928-01,0.042883154,0.083821078,0.06750018,0,0.303538217,0.022114571,0,0.015273845,0.024127746,0,0.079540566,0.314588854,0.005485229,0.034790673,0,0.006335887,0,0.388522198,0.921172017
TCGA-36-1569-01,0.053142759,0.026720458,0.075958821,0,0.289025121,0.044801531,0,0.012854913,0.024133443,0.110428313,0.094631753,0.22120963,0.014376299,0.023048836,0,0.009668125,0,0.656902333,0.78455032
TCGA-25-1315-01,0.157605007,0.289955481,0.012023417,0,0.118494086,0.006939957,0,0.037134783,0.008723667,0.079453785,0.016320491,0.227129093,0.044587832,0,0,0.001632402,0.006,0.23135379,0.981556054
TCGA-24-1418-01,0.119457465,0.045456673,0.020872383,0,0.322010388,0.028729094,0,0.039601199,0.034001364,0.083860999,0.051915285,0.183909531,0.054522422,0.010448016,0,0.005215181,0,0.30891455,0.955583992
TCGA-24-1428-01,0.030964807,0.023331323,0.027405656,0,0.16243914,0.094040925,0,0.075930214,0.037510875,0.326810793,0.058617052,0.137528383,0.022772231,0.0026486,0,0,0,0.787056861,0.682242972
TCGA-23-2077-01,0.034398985,0.023359573,0.03702489,0,0.225260541,0.064477435,0,0.007579259,0.031616319,0.150801727,0.047799772,0.370409272,0,0.007272227,0,0,0,0.470221204,0.882022569
TCGA-09-1669-01,0.073477543,0.094241129,0.100192477,0,0.265962252,0.055177267,0,0.022411506,0.012143712,0.124898143,0.050430807,0.18786563,0.0046974,0.008502134,0,0,0,0.6296383,0.805704186
TCGA-24-1430-01,0.054126709,0.146497466,0.004311423,0.001462429,0.254715319,0.023508724,0,0.020874452,0.015781896,0.195140503,0.027528881,0.229264474,0.003006399,0.02347012,0,0.000311204,0.006,0.234380489,0.988233232
TCGA-36-1581-01,0.076015373,0.084991806,0.068008106,0,0.248477809,0.05448003,0,0.057297991,0.010984001,0.163277289,0.082438807,0.133050939,0.012727488,0.005790777,0,0.002459584,0,0.558434693,0.840335821
TCGA-29-1776-01,0.103612892,0.075794491,0.027672952,0,0.316933289,0.041401099,0,0.021770257,0.062747087,0.030220158,0.037314017,0.207964978,0.052445398,0.022079566,0,4.38151492246893e-05,0,0.338451639,0.942293651
TCGA-29-1696-01,0.058103566,0.072264374,0.053729859,0,0.235667365,0.039947369,0,0.027369137,0.041773613,0.003144004,0.09938337,0.286858007,0.041058267,0.036654461,0.004046608,0,0,0.439623266,0.897768132
TCGA-13-0913-01,0.117020729,0.135688141,0.031521366,0,0.24892636,0.046322613,0,0.039410883,0.024708405,0.047066564,0.032608655,0.203030594,0.062405305,0.011290385,0,0,0.034,0.188918738,0.999574422
TCGA-09-0364-01,0.202361389,0.064634376,0,0,0.362190146,0.012714948,0,0.065574937,0.07355407,0,0.000176122,0.193581832,0.004579702,0.019771193,0.000861285,0,0.126,0.114278026,1.040024661
TCGA-61-2111-01,0.06359042,0.019933762,0.051893469,0,0.180833352,0.125790865,0,0.03661249,0.006750833,0.142317688,0.039258933,0.255852353,0.000169108,0.071205214,0,0.005791513,0,0.622744359,0.80545981
TCGA-36-1571-01,0.03663698,0.150753189,0,0,0.270863776,0.020199283,0,0.071450448,0.033065044,0.063098358,0.033734414,0.205517591,0.070296048,0.042604665,0.001780203,0,0.006,0.229405276,0.982972002
TCGA-24-2020-01,0.060648128,0.04655786,0.005773062,0,0.174436495,0.019247853,0,0.07399017,0.068414329,0.319774692,0.034709193,0.187777262,0,0.008670956,0,0,0,0.442238917,0.89769365
TCGA-20-1687-01,0.080979669,0.064593954,0.024210633,0,0.31001663,0.04621959,0,0.027002671,0.084398401,0.026622406,0.071824786,0.228636617,0.011283594,0.024211047,0,0,0,0.428615042,0.902978043
TCGA-24-2262-01,0.036916094,0.053193759,0.066104628,0,0.230073487,0.072805955,0,0.077352225,0.012139175,0.162879216,0.105698953,0.126553623,0,0.052227997,0,0.004054888,0,0.569652358,0.831831542
TCGA-24-1850-01,0.029798035,0.042034888,0.092155177,0,0.220218176,0.071857131,0,0.039501318,0.010068723,0.105265918,0.094406259,0.282156471,0,0.007733922,0,0.00480398,0,0.663083856,0.776991145
TCGA-25-1313-01,0.044053915,0.075182525,0,0,0.182940268,0.001354043,0,0.036730915,0.088426644,0.007352041,0.041265009,0.442163647,0.059613702,0.012636679,0,0.008280613,0,0.588567995,0.819795641
TCGA-13-1489-02,0.041701863,0.002498088,0.093304195,0,0.211909975,0.041541524,0,0.095281715,0.01422564,0.070754339,0.090286789,0.087741955,0.107848391,0.139023142,0,0.003882382,0,0.421602209,0.909305201
TCGA-29-1694-01,0.041084841,0.06604532,0.035287042,0,0.239140524,0.007872573,0,0.06665454,0.037934659,0.163644997,0.038082064,0.160728267,0.088773628,0.054751544,0,0,0,0.321816472,0.950277643
TCGA-23-1027-01,0.029977996,0.004362346,0.019282496,0,0.156599164,0.035235185,0,0.020112083,0.012152398,0.364426879,0.055375396,0.262248872,0.007483727,0.032743458,0,0,0,0.645892969,0.767997179
TCGA-59-2355-01,0.026140464,0.012278963,0.064096734,0,0.305173439,0.087304851,0,0.047673835,0.030074032,0.119036837,0.114096134,0.157146982,0.007077384,0.029900345,0,0,0,0.48890691,0.871880418
TCGA-24-1604-01,0.045294502,0.104531122,0.023837308,0,0.241020638,0.047262285,0,0.060065645,0.078995874,0.028461023,0.064259434,0.197024057,0.066723751,0.036847088,0,0.005677274,0,0.347299327,0.937905478
TCGA-25-1319-01,0.01409369,0.020167238,0.053057317,0,0.198463572,0.026828949,0,0.077438073,0.037702077,0.043745693,0.09365312,0.324798053,0.020072768,0.076836129,0.007130783,0.006012539,0,0.464812172,0.885158776
TCGA-24-1564-01,0.016014533,0.010135627,0.023531109,0,0.217690691,0.012494687,0,0.019999598,0.027891864,0.311944878,0.068231863,0.290463747,0,0.001304072,0,0.000297333,0,0.822410996,0.636354194
TCGA-57-1994-01,0.061226944,0.052582782,0.084324894,0,0.230036161,0.09677428,0,0.009769025,0.002001503,0.201656334,0.064546735,0.191322484,0.004486047,0.001272813,0,0,0,0.654098974,0.783943866
TCGA-04-1357-01,0.063848975,0.036608805,0.117852867,0,0.261285468,0.087232044,0,0.027119373,0.014946459,0.116124031,0.078028243,0.184809393,0.006447858,0.005696484,0,0,0,0.700426442,0.757940211
TCGA-29-1778-01,0.040591494,0.100971713,0.03966935,0,0.240657738,0.064077445,0,0.077143099,0,0.106665768,0.05279402,0.204907892,0.026562839,0.045958641,0,0,0,0.569425545,0.838553386
TCGA-13-0899-01,0.028007408,0.049250534,0.042024911,0,0.216349689,0.038825495,0,0.056122146,0.029424162,0.263734433,0.041584824,0.150168769,0.005529592,0.078944087,3.39503269689863e-05,0,0,0.426855595,0.904606422
TCGA-24-2038-01,0.109818376,0.054546454,0.004488427,0,0.261294114,0.019793848,0,0.078148894,0.083173792,0.068582396,0.005514955,0.272219825,0.017641114,0.021537779,0,0.003240028,0.052,0.165724848,1.016950082
TCGA-13-0800-01,0.12073347,0.217804639,0.083730494,0.064900837,0.061904681,0.045813068,0,0.039815198,0.055456782,0.082608188,0,0.11641987,0.047213494,0.04419205,0.019407229,0,0.112,0.120488202,1.016661252
TCGA-25-2399-01,0.099056206,0.021253774,0.045576678,0,0.254069234,0.060686048,0,0.120076451,0.038427044,0.07333244,0.062925718,0.195566734,0.012150095,0.013385266,0,0.003494311,0,0.532364951,0.851720228
TCGA-24-1548-01,0.096533806,0.119800197,0.002180349,0,0.254005403,0.012458383,0,0.020798188,0.079199648,0.040835985,0.057795897,0.195186108,0.119752258,0.001453777,0,0,0,0.319163178,0.949904652
TCGA-59-A5PD-01,0.032268909,0.036724526,0.028864533,0,0.281263966,0.055821962,0,0.046293074,0.011989558,0.365155573,0.040195559,0.10006157,0,0.001360772,0,0,0,0.733902127,0.714877047
TCGA-25-2391-01,0.083745342,0.040158115,0.054423507,0,0.152036946,0.059682453,0,0.049964267,0.060203581,0.084280378,0.007661212,0.249863659,0.125341856,0.006156721,0,0.026481963,0,0.401605628,0.915117984
TCGA-29-2428-01,0.036089613,0.071385665,0.047678542,0,0.230952108,0.07010006,0.019403189,0.040412984,0,0.187128801,0.064665006,0.218543711,0.002571337,0.011068985,0,0,0,0.690315631,0.766204062
TCGA-25-1314-01,0.06597364,0.061720946,0.002422529,0,0.283580559,0.080095026,0,0.087181768,0.045517382,0.054234249,0.072258892,0.198881231,0.007675957,0.033306063,0,0.007151758,0,0.319425031,0.950676141
TCGA-25-2393-01,0.050119111,0.009664605,0.028780321,0,0.166949446,0.056025072,0,0.016283055,0,0.364088848,0.0409683,0.190124255,0,0.061910467,0.001806397,0.013280124,0,0.620346301,0.788848957
TCGA-23-2081-01,0.111920223,0.126897998,0.01489859,0,0.286471765,0.008234051,0,0.042835136,0.008405527,0.113200137,0.010594547,0.161226828,0.093297632,0.022017567,0,0,0,0.286680862,0.962496745
TCGA-29-1762-01,0.114309188,0.11547153,0,0.011304722,0.077578803,0,0,0.006532206,0.066997445,0.14650099,0,0.398069434,0.011240862,0.04070254,2.0526114262975e-05,0.011271753,0,0.435758502,0.901023392
TCGA-23-1123-01,0.044491108,0.054680582,0.044726033,0,0.269060901,0.028363738,0.01542118,0.075389416,0.007819864,0.10088586,0.084975881,0.244045964,0.024391876,0.001719228,0,0.004028368,0,0.583342866,0.82491776
TCGA-24-1435-01,0.00950277,0.02595154,0.050727349,0,0.199518429,0.048360596,0,0.042975143,0.025310397,0.122616989,0.124453308,0.282799039,0.046478862,0.019449306,0,0.001856272,0,0.650457919,0.778232671
TCGA-24-2026-01,0.046113968,0.096693698,0.058756496,0,0.200230461,0.060829644,0,0.068699521,0.027190437,0.142395275,0.092991534,0.198543628,0,0.005656916,0,0.00189842,0,0.546252395,0.845733737
TCGA-36-1575-01,0.05301581,0.305301867,0.006733182,0,0.214490677,0.014649953,0,0.042701282,0.003829627,0.091525556,0.021329537,0.178328508,0.044717864,0.023376137,0,0,0.036,0.183744598,0.996350249
TCGA-10-0928-01,0.129888398,0.02150395,0,0,0.240625273,0.091220644,0,0.06397425,0.025111214,0.174536211,0.003774471,0.172163391,0.058771924,0.009293609,0,0.009136666,0,0.307291402,0.959011842
TCGA-36-1568-01,0.045689034,0.026441882,0.018382582,0,0.239936752,0.105119934,0,0.061140641,0.018493153,0.19977883,0.052448686,0.185858622,0,0.046709885,0,0,0,0.66609959,0.777988092
TCGA-36-1576-01,0.015780334,0.024719309,0.102258386,0,0.285012636,0.075812588,0,0.030688387,0.040548863,0.103798555,0.062111151,0.224895703,0.007239597,0.024351666,0,0.002782825,0,0.727737283,0.741602442
TCGA-24-1463-01,0.019167357,0.010670792,0.03068272,0,0.167518684,0.005434944,0,0.058986065,0.00928788,0.316288196,0.077196419,0.216804263,0.037627907,0.048129059,0,0.002205712,0,0.704993577,0.733548401
TCGA-57-1993-01,0.045630826,0.09023012,0,0,0.19700506,0.02852007,0,0.050180064,0.001840511,0.253185043,0.021302373,0.263998123,0.039724403,0.008383406,0,0,0,0.305655447,0.965310352
TCGA-24-2036-01,0.064971704,0.132056238,0,0.151237287,0.045299322,0.009760117,0,0.062313924,0.025152382,0.132999599,0.000801431,0.334001452,0.035995137,0.003733692,0.001677716,0,0,0.382333455,0.925041471
TCGA-13-1403-01,0.055917994,0.082788476,0,0,0.322411482,0.032159326,0,0.087045011,0.009278848,0.039959516,0.007230813,0.149724548,0.197905807,0.013322947,0,0.002255231,0.002,0.272162975,0.973953979
TCGA-09-0369-01,0.066889237,0.047607708,0.00855074,0,0.077659684,0.060276513,0,0.04713837,0.012648234,0.156529821,0.01730614,0.502339621,0,0.003053932,0,0,0,0.599764314,0.803807451
TCGA-24-1103-01,0.011183072,0.120496669,0,0,0.34279278,0.0183679,0.02049591,0.129275203,0.041428284,0.08637384,0.069382786,0.027613142,0.104982178,0.022262904,0.00534533,0,0,0.290567717,0.970331224
TCGA-25-1871-01,0.055695595,0.172143765,0.010722475,0.131361915,0.086373616,0.035988717,0,0.045803617,0.011507387,0.333183276,0.002755465,0.068153153,0.012044278,0.034266741,0,0,0.006,0.237577475,0.993867666
TCGA-23-1029-01,0.232200163,0.165414104,0.009792285,0,0.100692472,0.025599221,0,0.033087744,0.054813475,0.064396565,0.047043553,0.134461229,0.098564365,0.029734418,0,0.004200407,0,0.378675605,0.924993124
TCGA-25-1630-01,0.051858314,4.20590123707556e-05,0,0,0.146146248,0.039288441,0,0.025901525,0.021820056,0.280661143,0.055581598,0.274538982,0,0.032576691,0,0.071584943,0,0.765338752,0.686294508
TCGA-25-1634-01,0.058084275,0.143107726,0.007283359,0,0.258573585,0.017426437,0,0.048758268,0.029069004,0.282146186,0.0142666,0.139862323,0,0.001422239,0,0,0.058,0.156383827,1.028899186
TCGA-61-1721-01,0.048677337,0.010870969,0.044644484,0,0.23562424,0.005177104,0,0.031129211,0.021172347,0.011014626,0.00842678,0.444413694,0.000501728,0.13834748,0,0,0,0.542643862,0.844898426
TCGA-24-1413-01,0.043492852,0.12984322,0,0,0.156514559,0.040263533,0,0.066700007,0.044249682,0.190547438,0.036461225,0.116594983,0.118517053,0.03768669,0.007252934,0.011875823,0,0.402502951,0.914869234
TCGA-25-1323-01,0.110233884,0.064003273,0.004624176,0,0.134027846,0.014777502,0,0.101023097,0.01099354,0.179576876,0.04027137,0.272129096,0.007391015,0.051348689,0,0.009599635,0,0.414346703,0.910534411
TCGA-61-2110-01,0.030217676,0.047342558,0.014996009,0,0.363636596,0.036066788,0,0.065401932,0.077441169,0.175764982,0.005591319,0.117272951,0.009250235,0.05345376,0,0.003564025,0.006,0.232174035,0.991781647
TCGA-61-2109-01,0.053828922,0.032832622,0.009450222,0,0.21373963,0.093639377,0,0.090872783,0.017830953,0.274776698,0.006911447,0.165313874,0.036244203,0.00455927,0,0,0,0.448980461,0.893251665
TCGA-04-1514-01,0.133843039,0.21149506,0.005940531,0,0.191923678,0.050074063,0,0.062139197,0.047644621,0.034400984,0.075660963,0.183056487,0,0.003821378,0,0,0.038,0.181717473,1.000395684
TCGA-VG-A8LO-01,0.096782871,0.030457902,0.025087503,0,0.333541139,0.063830593,0,0.064756818,0.00447947,0.143318891,0.037871125,0.075361778,0.072502037,0.049357378,0.002522833,0.000129662,0.002,0.276252559,0.972843492
TCGA-24-1549-01,0.015728639,0.07519279,0,0,0.277804179,0.075534427,0,0.140292721,0.023859326,0.213604343,0.083371972,0.055557957,0.006985419,0.032068227,0,0,0,0.513709533,0.860391766
TCGA-29-1784-01,0.040678769,0.101795472,0.03711758,0,0.268785787,0.055322605,0,0.03949097,0.029406896,0.10922892,0.079678934,0.229039667,0.002375837,0.005706922,0,0.001371639,0,0.684292507,0.777516448
TCGA-13-A5FT-01,0.119255487,0.05102412,0,0.033831612,0.207011409,0.045160396,0,0.026459371,0.021608588,0.129909036,0.064122811,0.111944229,0.175277319,0.014395621,0,0,0,0.461140479,0.886744051
TCGA-61-1736-01,0.043739911,0.047486131,0.034839925,0,0.255836377,0.054999331,0,0.082570333,0.071557268,0.064688515,0.016118824,0.258505843,0.050717493,0.017867445,0,0.001072604,0,0.32030617,0.951725461
TCGA-OY-A56P-01,0.109782475,0.193700778,0.012634771,0.003882395,0.095774935,0.016217757,0,0.022643114,0,0.310008157,0,0.060812649,0.170370245,0.000381254,0,0.00379147,0.068,0.149858586,1.034007452
TCGA-29-1690-01,0.033194762,0,0.028596048,0,0.211915145,0.043436285,0,0.016516821,0.152564751,0.12065109,0.000945582,0.291426827,0.071032632,0.029720056,0,0,0,0.688920038,0.764518034
TCGA-29-1761-01,0.02851897,0.02109047,0.089879739,0,0.239636776,0.027391367,0,0.008170197,0.000597581,0.192675046,0.076105659,0.296677982,0,0.012997401,0,0.006258812,0,0.59907401,0.809495976
TCGA-24-2281-01,0.009141629,0.032785831,0.05571888,0,0.217402427,0.09086119,0,0.033187299,0.033532596,0.293335383,0.062185256,0.171336994,0,0.000512516,0,0,0,0.80566063,0.671960961
TCGA-61-1738-01,0.059297059,0.127002067,0.0153524,0,0.176540126,0.023270556,0,0.037148032,0.034696993,0.021427003,0.120562351,0.261254595,0.105670235,0.005041056,0,0.012737527,0,0.365212179,0.93266704
TCGA-25-2400-01,0.129745542,0.037678986,0,0,0.219743997,0.00993452,0,0.025421796,0.068396132,0.073892821,0.068527319,0.299089896,0.048312869,0.01708047,0,0.002175652,0,0.318635225,0.952760633
TCGA-61-2098-01,0.091969705,0.068514909,0.05096415,0,0.115483732,0.080864243,0,0.066117679,0.036680712,0.35788796,0.006521532,0.107706592,0,0.009432221,0.007856566,0,0.002,0.272355612,0.986118674
TCGA-59-2363-01,0.047055369,0,0.02763727,0,0.281645296,0.117790494,0,0.100160355,0.069814724,0.140210224,0.048671393,0.098528988,0.038451419,0.011106675,0.000208315,0.018719479,0,0.283098896,0.974000235
TCGA-24-1567-01,0.090485993,0.092228528,0.120193697,0,0.083842894,0.053982469,0,0.049651116,0.009244465,0.262583311,0.002066353,0.178979582,0.050228075,0.005002151,0.001511367,0,0,0.287750022,0.971097123
TCGA-61-1918-01,0.012096634,0.023108245,0.047652169,0,0.241167239,0.060261962,0,0.051065036,0.037297107,0.106895433,0.07033577,0.282451142,0.039411669,0.022001299,0,0.006256296,0,0.572783457,0.829825134
TCGA-36-1574-01,0.03539876,0.017782721,0.021334497,0,0.265644731,0.023425979,0,0.04686001,0.007618901,0.238260882,0.115645813,0.159244906,0.059706947,0.009075853,0,0,0,0.644378789,0.779302884
TCGA-24-2023-01,0.03796612,0.040769153,0.038129442,0,0.267932774,0.060693667,0,0.09346663,0.015508198,0.028171468,0.073125222,0.259103227,0.060052178,0.014378088,0,0.010703833,0,0.462640846,0.886033126
TCGA-13-1511-01,0.037555904,0.084164346,0,0,0.205357132,0.049857976,0,0.101437137,0.016212229,0.163686853,0.039027736,0.158909852,0.124290878,0.006909948,0,0.01259001,0,0.428425963,0.90283845
TCGA-25-1318-01,0.041322748,0.115348571,0,0,0.165497901,0.011068115,0,0.03807135,0.010544713,0.236143172,0.053892321,0.297468179,0,0.024521333,0,0.006121599,0,0.402817236,0.917548705
TCGA-25-2392-01,0.039290121,0.034630739,0.020552698,0,0.176060169,0.03876779,0,0.023495387,0.106154104,0,0.067235755,0.471382735,0,0.022430502,0,0,0,0.375203287,0.930494377
TCGA-24-1474-01,0.063744006,0.024664677,0,0,0.196669262,0.008735653,0,0.025300381,0.16977925,0.022825511,0.024487325,0.392089399,0.047873816,0.022321259,0,0.001509461,0,0.374737859,0.929361867
TCGA-24-1846-01,0.035440975,0.044201595,0.039123088,0,0.123767088,0.100587775,0,0.057563286,0.001111842,0.29665342,0.073556743,0.210007378,0,0.016569914,0,0.001416895,0,0.626364511,0.790377061
TCGA-09-1659-01,0.008273196,0.067134791,0.04828864,0,0.176418236,0.038018614,0,0.046169486,0.052745687,0.269297301,0.041676483,0.219218421,0.019777353,0.012981793,0,0,0,0.623193225,0.796045993
TCGA-24-2027-01,0.159969949,0.093689782,0.03179224,0,0.154893841,0.029058177,0,0.031214947,0.014020071,0.127088868,0.047604777,0.265576663,0.026848794,0.018241892,0,0,0,0.370214925,0.929204801
TCGA-29-1693-01,0.019933224,0.066211041,0.022674789,0,0.183471831,0.019953897,0,0.061644268,0.018310979,0.135001083,0.075498006,0.264141837,0.097186371,0.032001118,0,0.003971557,0,0.482320123,0.875964815
TCGA-20-1682-01,0.062738085,0.06965081,0.072220291,0,0.323069414,0.012504541,0,0.040591042,0.037652881,0.07342804,0.065035483,0.215300227,0.005994089,0.021815095,0,0,0,0.605865988,0.817967459
TCGA-09-0366-01,0.042835692,0,0.027260895,0,0.17213092,0.027120763,0,0.024260181,0.241253528,0,0.019153521,0.413773424,0.027282595,0,0.004928483,0,0,0.564767693,0.82882025
TCGA-24-1434-01,0.03450015,0.058245221,0.01606216,0,0.250189391,0.014060566,0,0.04302672,0.067342552,0.085466615,0.07293628,0.292806374,0,0.062188686,0.002213378,0.000961908,0,0.573215235,0.830667775
TCGA-61-2003-01,0.021891234,0,0.038859369,0,0.230398144,0.039302335,0,0.024758389,0.050985474,0.317504148,0.046524319,0.207026342,0.006229639,0.016520606,0,0,0,0.775826874,0.684052089
TCGA-24-1545-01,0.042746044,0.175421014,0.072162778,0,0.276880303,0.051445596,0,0.020993944,0.02604116,0.045004582,0.07209841,0.17251087,0.019602881,0.019612274,0,0.005480145,0,0.622120921,0.818276198
TCGA-61-2012-01,0.036308569,0.157606312,0.071640785,0,0.169501235,0.065847732,0,0.028667694,0.004826071,0.213912097,0.110356134,0.10598453,0,0.021639091,0,0.01370975,0,0.711550356,0.756624906
TCGA-25-1632-01,0.172956865,0.123969029,0,0,0.2214768,0.002560765,0,0.040004052,0.037548819,0.165539268,0.002445324,0.152851642,0.07685621,0.002898605,0.000299516,0.000593106,0.054,0.165320068,1.012390716
TCGA-24-2267-01,0.056947667,0.104133801,0.055333218,0,0.223424059,0.042877093,0,0.052481808,0.009886989,0.14360436,0.100536162,0.201380212,0,0.009394632,0,0,0,0.647832917,0.793613226
TCGA-24-2261-01,0.044224448,0.032356929,0.116369817,0,0.260233006,0.094342426,0,0.037291472,0.027396757,0.010323358,0.097293171,0.263375979,0.004915718,0.009214475,0,0.002662444,0,0.601938412,0.812443308
TCGA-25-1316-01,0.016810483,0.010485027,0.204727653,0,0.168682272,0.088160591,0,0.090732714,0.016191261,0.039110205,0.062993026,0.220995926,0.005619026,0.075491816,0,0,0,0.459196168,0.887484254
TCGA-09-1668-01,0.06316391,0.026310713,0.02808812,0,0.237153888,0.076233192,0,0.053582185,0.008788701,0.166840677,0.103896769,0.140649288,0.046715653,0.048576905,0,0,0,0.487935009,0.872882861
TCGA-29-1770-02,0.042426652,0.065530186,0,0,0.230223557,0.020516509,0,0.147698359,0.028978362,0.047315621,0.024170118,0.285273965,0.067543858,0.037931291,0,0.002391521,0.004,0.247052321,0.982015542
TCGA-61-1733-01,0.064723519,0.12229135,0.039322791,0,0.226498612,0.008856547,0.008839943,0.006841505,0.014529856,0.088054396,0.040610309,0.343155774,0.017225611,0.013625154,0,0.005424632,0.078,0.147169378,1.023720249
TCGA-3P-A9WA-01,0.05052087,0.027591724,0.010134713,0,0.237751816,0.073579434,0,0.044508179,0.035822862,0.214676564,0.035817666,0.209950152,0.053586563,0.001343896,0,0.004715561,0,0.527345392,0.852486342
TCGA-24-1425-01,0.063256441,0.011033917,0.019754272,0,0.208762307,0.06453339,0,0.055345152,0.010304496,0.222440782,0.051630467,0.263473248,0.010317342,0.016524606,0,0.00262358,0,0.623301313,0.796825903
TCGA-29-1691-01,0.042479648,0.04069332,0.045505955,0,0.156185547,0.132028298,0,0.053078523,0.034886962,0.040358887,0.10493257,0.312390355,0.002309857,0.029371838,0,0.00577824,0,0.323540893,0.951438934
TCGA-61-2101-01,0.044801988,0.093813959,0.01949868,0,0.261235932,0.043324999,0,0.024508358,0,0.16825211,0.055624591,0.222542763,0.017266209,0.046806883,0,0.002323529,0,0.418041084,0.908097013
TCGA-59-2352-01,0.03698124,0.165524567,0.031559148,0,0.187775091,0.063578756,0,0.045142493,0.012220877,0.213217069,0.116219208,0.107562567,0,0.020218985,0,0,0,0.605510957,0.815644193
TCGA-OY-A56Q-01,0.17344566,0.203452493,0,0,0.15440767,0,0,0.055238863,0.008566302,0.090177058,0.001505087,0.221637211,0.031137366,0.06043229,0,0,0.16,0.101486499,1.027793612
TCGA-04-1365-01,0.038012148,0.074147595,0.044108945,0,0.282988244,0.052300652,0,0.041461208,0.038450836,0.162606529,0.103852242,0.157456587,0,0.004615015,0,0,0,0.705693909,0.757482909
TCGA-24-1563-01,0.040538435,0.060500188,0.023442508,0,0.257480459,0.034689103,0,0.083084851,0.025617856,0.142619696,0.026788531,0.208740871,0.027658877,0.051931279,0,0.016907345,0,0.327240403,0.950282838
TCGA-13-0897-01,0.015578444,0.050541201,0.063524277,0,0.179605552,0.163538618,0,0.07722627,0.001883327,0.068486798,0.10267046,0.249444484,0.013209161,0.014291408,0,0,0,0.564470131,0.832600168
TCGA-24-2019-01,0.068854466,0.053063931,0.074026946,0,0.260704194,0.082931417,0,0.037223976,0.03765528,0.080280209,0.107335632,0.148843746,0.00604088,0.040324171,0.00271515,0,0,0.538050739,0.850038846
TCGA-36-1578-01,0.03482286,0.023648252,0.029227872,0,0.273091824,0.09083369,0,0.054367304,4.37578523757861e-05,0.205869183,0.106034323,0.148566078,0,0.021238868,0,0.012255988,0,0.649865415,0.782060859
TCGA-61-2016-01,0.061169301,0.031833666,0.079046665,0,0.19765778,0.063450734,0,0.066608519,0.060976888,0.025648684,0.041863086,0.271239649,0.054473796,0.042687917,0,0.003343315,0,0.325229122,0.948979985
TCGA-13-1498-01,0.038052072,0.000469264,0.055533291,0,0.295983116,0.049455905,0,0.070333499,0.035676847,0.214750679,0.086461111,0.148358334,0,0.004925883,0,0,0,0.642949134,0.783047905
TCGA-24-1842-01,0.013097722,0.040836512,0.090375545,0,0.2606321,0.048959662,0,0.070912514,0.031902744,0.220853469,0.06247403,0.146608404,0,0.013347299,0,0,0,0.682208325,0.763344294
TCGA-13-1405-01,0.087799771,0.088119408,0.079292177,0,0.301500382,0.022448794,0,0.059812393,0.016959477,0.045628054,0.07861069,0.202025637,0,0.017803217,0,0,0,0.424182105,0.905103087
TCGA-24-2298-01,0.069882337,0.087588685,0.035833404,0,0.237154129,0.016642924,0,0.048903122,0.00280248,0.192994682,0.032379535,0.1417611,0.092455766,0.02852958,0,0.013072257,0,0.28436262,0.967569624
TCGA-25-1328-01,0.046759628,0.028189465,0.027028538,0,0.25689578,0.037826463,0,0.069532278,0.044458949,0.181816238,0.032881417,0.236768361,0.009234537,0.027097206,0,0.001511141,0,0.509687185,0.862515914
TCGA-30-1860-01,0.046015063,0.061595423,0.089094676,0,0.26837056,0.060293771,0,0.099101337,0.025619524,0.06344443,0.119100283,0.159887464,0,0.007477468,0,0,0,0.653615503,0.782334509
TCGA-25-1631-01,0.080179478,0.12645894,0.002226299,0,0.163194195,0.01665355,0,0.034251662,0.015393119,0.136302207,0.021318369,0.286461485,0.091226379,0.014308493,0,0.012025824,0,0.361024881,0.933656867
TCGA-13-0893-01,0.026247475,0.053869104,0.077629706,0,0.233560409,0.060525112,0,0.120335407,0.011015651,0.024634487,0.094649853,0.201315006,0.05369691,0.042520881,0,0,0,0.487332939,0.873380758
TCGA-23-1122-01,0.029213232,0.042319467,0.024177301,0,0.250350127,0.03695313,0,0.055968607,0.020905898,0.130991301,0.072448882,0.266772409,0.036428693,0.033470954,0,0,0,0.42517838,0.904380999
TCGA-13-2060-01,0.029693977,0.058488728,0.044034546,0,0.330133988,0.048256088,0.017683502,0.032513614,0.015588613,0.041890213,0.139258593,0.193800892,0.009135482,0.035657933,0,0.003863831,0,0.541376846,0.845692598
TCGA-13-0890-01,0.103623762,0.110431528,0.045673732,0,0.18157417,0.100346674,0,0.034888128,0.019807823,0.110898654,0.060757837,0.207978331,0,0.0239041,0,0.000115261,0,0.528011402,0.859002129
TCGA-59-2350-01,0.060643872,0.101150664,0.030681891,0,0.190037012,0.021030046,0,0.042320687,0.010591003,0.268602222,0.064278504,0.153531113,0.057055178,7.78086E-05,0,0,0,0.445499427,0.894779583
TCGA-WR-A838-01,0.100630907,0.173195627,0,0,0.295566934,0.067294196,0,0.094885192,0.010778518,0.095788843,0.004940174,0.065890094,0.058756504,0.021384365,0.007092774,0.003795871,0.014,0.221197079,0.990188385
TCGA-24-1467-01,0.03356498,0.10513667,0.043211208,0,0.305198553,0.063304145,0,0.03720362,0.036234258,0.066300961,0.088981826,0.208540113,0.003914774,0.008408891,0,0,0,0.391340589,0.919787144
TCGA-09-1673-01,0.066947279,0.025504977,0.041364502,0,0.230149043,0.039666339,0,0.035136016,0.026219872,0.071692713,0.016288793,0.307683666,0.0697341,0.04881155,0.012948889,0.00785226,0.006,0.242518322,0.983865103
TCGA-24-1544-01,0.089609771,0.145481227,0.163964915,0,0.119173721,0,0,0.009311446,0.02952829,0.273243385,0.026236276,0.1107223,0.027411419,0.003333425,0,0.001983826,0,0.287558709,0.968158194
TCGA-04-1364-01,0.289157809,0.268618625,0,0.005646302,0.09057194,0.021090883,0,0.024622715,0,0.229640711,0.003553487,0.064189345,0,0.002908183,0,0,0,0.322467184,0.952409285
TCGA-61-2102-01,0.046657793,0.030024703,0,0,0.057352157,0.01905227,0,0.022498633,0.029770319,0.328982475,0.001266435,0.431257019,0.012553209,0.020584987,0,0,0,0.630322275,0.777050187
TCGA-24-1550-01,0.075679853,0.065400802,0.016270891,0,0.188835711,0.01661079,0,0.020808858,0.008693839,0.22556022,0.042486189,0.324465222,0,0.009036946,0,0.006150678,0,0.717900635,0.736639666
TCGA-24-1419-01,0.102423031,0.157346989,0,0,0.219316842,0.021244448,0,0.04087369,0.009459047,0.140149883,0,0.232839362,0.06453804,0.006818109,0,0.00499056,0.036,0.186894395,1.002642134
TCGA-24-1849-01,0.100738778,0.055918247,0.105002237,0,0.129702058,0.080649583,0,0.065811606,0.070014695,0.020642004,0.056633671,0.25586375,0.016344891,0.037577016,0,0.005101464,0,0.654543863,0.79779292
TCGA-25-1320-01,0.017533545,0.03331951,0.029350152,0,0.233097968,0.024498058,0,0.074173043,0.025433059,0.226602857,0.031752296,0.191032256,0.049094698,0.059940799,0,0.004171757,0,0.561612103,0.833098224
TCGA-30-1861-01,0.038606713,0.083011936,0.021874909,0,0.296331222,0.006840975,0,0.037562564,0.004993248,0.240427394,0.024130019,0.22639479,0.001746361,0.018079871,0,0,0,0.324999852,0.95533641
TCGA-13-1410-01,0.060886487,0.065277659,0.025576432,0,0.250794727,0.043117556,0,0.05200887,0.017137116,0.108634686,0.108014087,0.221813002,0.041815417,0.004923962,0,0,0,0.525531627,0.854867103
TCGA-25-1627-01,0.092319628,0.060535691,0,0,0.211985955,0.03314724,0,0.059915367,0.008925061,0.288761465,0.033971725,0.188526836,0.007835346,0.010441451,0,0.003634236,0,0.407080924,0.915352995
TCGA-30-1857-01,0.021460557,0.008217998,0.070915844,0,0.21147846,0.077809084,0,0.034534385,0.028452521,0.187288591,0.072552934,0.250013815,0.008035217,0.029240594,0,0,0,0.698401178,0.753186328
TCGA-13-0920-01,0.05541476,0.15783526,0.07211144,0,0.338180221,0.01926425,0,0.025821284,0.017208368,0.060681263,0.06545067,0.126084865,0.054289355,0.007658265,0,0,0,0.443216227,0.896803824
TCGA-09-0367-01,0.031549094,0.02966465,0.032421273,0,0.232283473,0.104610312,0,0.053111442,0.007114616,0.14174774,0.06575216,0.246413639,0.01674886,0.032830593,0,0.005752148,0,0.442159927,0.896158146
TCGA-24-1416-01,0.048678748,0.123900495,0.009451753,0,0.242672416,0.017813035,0,0.087056471,0.063012251,0.007397526,0.006650486,0.249389702,0.068920801,0.071585228,0,0.003471087,0,0.352715218,0.936183663
TCGA-24-0975-01,0.063432058,0.090899456,0.050070773,0,0.25203182,0.080486671,0,0.050923682,0.039047013,0.072006202,0.06784973,0.216492237,0,0.015931905,0,0.000828453,0,0.307914564,0.956006912
TCGA-24-2293-01,0.056359228,0,0.050589974,0,0.209029709,0.069547745,0,0.031066404,0.060087089,0.202093495,0.055465006,0.222059083,0.018030752,0.024477158,0,0.001194357,0,0.691151207,0.760083392
TCGA-61-1743-01,0.076909424,0.185552956,0,0,0.21309762,0.027864953,0,0.052694638,0,0.179683073,0.05986392,0.185955632,0.018297664,8.01201E-05,0,0,0,0.342808414,0.940681916
TCGA-31-1944-01,0.085641949,0.058693904,0.026107131,0,0.300610191,0.021723368,0,0.045038127,0.024792007,0.150250133,0.058373604,0.208477917,0.007595012,0.00217418,0,0.010522479,0,0.560757319,0.838881835
TCGA-25-1317-01,0.10899889,0.142156394,0.017840537,0,0.220467731,0.034527595,0,0.03984097,0.036672817,0.135139379,0.066693501,0.161619315,0,0.034485564,0,0.001557306,0,0.371743828,0.927994384
TCGA-25-1635-01,0.065481596,0.00539069,0.055822529,0,0.302988672,0.060490691,0,0.030210179,0.054862999,0.078210152,0.041650584,0.255262576,0.020642356,0.028517928,0,0.000469049,0,0.442302232,0.896245636
TCGA-29-A5NZ-01,0.01880889,0.03175944,0.010762526,0,0.357413292,0,0,0.04188593,0.003206967,0.334656535,0.062989102,0.092699363,0.015341977,0.030475979,0,0,0,0.476140262,0.879135004
TCGA-25-1628-01,0.036928308,0.043608128,0.115555692,0,0.278353018,0.047304734,0,0.055358555,0.014907232,0.079856257,0.112040153,0.177951877,0.004438492,0.033471968,0,0.000225585,0,0.670987408,0.775093159
TCGA-24-1553-01,0.017828036,0.046827686,0.222445761,0,0.23788702,0.078183393,0,0.020185097,0.045676214,0.031217845,0.085598911,0.214150037,0,0,0,0,0,0.630079726,0.792916875
TCGA-61-2092-01,0.133472375,0.259896307,0,0,0.171280913,0.024311864,0,0.02778376,0,0.229103962,0.004671809,0.139899225,0.005987105,0.003592681,0,0,0.006,0.235495701,0.985512018
TCGA-25-1329-01,0.067918303,0.122983255,0.015591004,0,0.193206835,0.043397193,0,0.048820663,0.010834355,0.195644662,0.026123528,0.249272962,0.003447458,0.017160408,0,0.005599374,0.004,0.253956855,0.98124583
TCGA-24-1844-01,0.152806843,0.173830424,0,0,0.135147945,0,0,0.039827815,0.038692188,0.078907202,0.010973248,0.347494101,0.013693889,0.000467285,0.000646525,0.007512536,0,0.301631821,0.959271375
TCGA-24-1603-01,0.033861836,0.147500806,0.012458812,0,0.228879639,0.032721757,0,0.043156703,0.044188021,0.105538364,0.072853659,0.190396565,0.063942018,0.014144801,0,0.01035702,0,0.354744848,0.935140065
TCGA-09-2044-01,0.044848139,0.01716187,0.050538373,0,0.227089436,0.079965963,0,0.033336204,0.050822801,0.0943468,0.060423639,0.312454588,0,0.017728027,0,0.01128416,0,0.630273393,0.797569177
TCGA-61-2008-02,0.045213931,0.031788384,0.110006039,0,0.244516811,0.090564132,0,0.088502064,0,0.107794751,0.069917537,0.193005695,0.012924507,0.00576615,0,0,0,0.585334881,0.821110275
TCGA-23-2078-01,0.158646698,0.030951406,0.082207191,0.006143254,0.28372241,0.024002563,0,0.058372244,0.026392242,0.035829881,0.095234357,0.182532269,0.00185786,0.014107624,0,0,0,0.773430897,0.720483391
TCGA-20-1683-01,0.09049441,0.297646772,0.044482995,0,0.176145153,0.052548079,0,0.031436183,0,0.148039953,0.021758101,0.125912579,0,0.011535774,0,0,0,0.32766306,0.946108923
TCGA-13-1505-01,0.064444829,0.117118615,0.063758437,0,0.295857032,0.039983874,0,0.013013673,0.026450621,0.081541673,0.059053518,0.177627765,0.017492694,0.040816862,0,0.002840407,0,0.416993903,0.908817921
TCGA-24-2254-01,0.030949625,0.00423943,0.004518056,0,0.122831136,0.013289382,0,0.022039673,0.080084377,0.334703815,0.008081024,0.272456461,0.012071411,0.091314189,0.00342142,0,0,0.643363231,0.769836235
TCGA-23-1120-01,0.01426969,0.038462432,0.013665491,0,0.241084678,0.070632073,0,0.083261096,0.020509061,0.147490082,0.127702173,0.187981183,0.007794101,0.040092477,0,0.00705546,0,0.712841367,0.747288735
TCGA-24-1546-01,0.076229849,0.042922169,0.00459752,0,0.186608506,0.022055928,0,0.026990842,0.015302766,0.221263583,0.027099628,0.268373722,0.046217505,0.051535903,0,0.010802079,0,0.654209557,0.781254236
TCGA-24-1557-01,0.058338225,0.084125443,0,0,0.150396612,0.059038667,0,0.027412086,0.070331585,0.148002831,0.122172714,0.258567664,0,0.021614173,0,0,0,0.459464089,0.887585129
TCGA-59-2351-01,0.042394338,0.140254523,0.034862312,0,0.204615812,0.071905832,0,0.037238956,0.011862388,0.191964216,0.05489675,0.207462886,0,0.002541986,0,0,0,0.736278449,0.748341879
TCGA-24-2289-01,0.031153921,0.058594523,0,0,0.273172608,0.00862498,0.00351527,0.017450734,0.091378135,0.065232818,0.053098217,0.330485966,0.002525619,0.057476001,0.006166483,0.001124726,0,0.481057854,0.877594833
TCGA-13-1481-01,0.048607543,0.229422475,0.057926171,0,0.23025539,0.079174636,0,0.022381582,0.029022594,0.084424319,0.064927866,0.131017217,0,0.022840207,0,0,0,0.566772222,0.846860293
TCGA-25-2397-01,0.061705529,0.053750574,0.008915289,0,0.215070251,0.019923775,0,0.067643271,0.089539138,0.092006168,0.001045823,0.320375933,0.053775131,0.008190398,0,0.00805872,0.002,0.266857687,0.97617738
TCGA-09-2045-01,0.085620976,0.013510599,0.046148195,0,0.186573379,0.093294718,0,0.037847368,0.07529943,0.032996191,0.05006353,0.280934005,0.064247986,0.029199283,0,0.00426434,0,0.324617604,0.949279344
TCGA-24-2290-01,0.046486299,0.011630331,0.006528477,0,0.14179217,0.044600515,0,0.033263646,0.036272708,0.1522754,0.057296039,0.340268032,0.105977041,0.013028937,0,0.010580406,0,0.639750241,0.783617005
TCGA-61-2000-01,0.04855306,0.008937511,0.031438336,0,0.283410568,0.099651132,0,0.129841041,0.037463839,0.132512383,0.040979845,0.131057262,0.020825604,0.017042824,0.009312079,0.008974516,0,0.558089645,0.83341591
TCGA-09-2048-01,0.055619821,0.138426829,0.017829759,0,0.257853924,0.042481531,0,0.016042852,0.026839956,0.10666313,0.028616252,0.260668929,0.00417116,0.03479825,0,0.009987606,0,0.313011689,0.953175298
TCGA-61-1907-01,0.031372453,0.050865507,0.049349415,0,0.296322519,0.081940655,0,0.034799704,0.014406359,0.151693834,0.074115415,0.210093649,0,0.00504049,0,0,0,0.733309582,0.736963137
TCGA-23-1111-01,0.154483852,0.156471223,0,0,0.18876149,0.024769495,0,0.059336781,0.02701537,0.109275907,0.013730929,0.144116325,0.097262643,0.020356523,0,0.004419462,0.006,0.233611038,0.980917165
TCGA-31-1959-01,0.045508824,0.023017402,0.001081488,0,0.300045654,0.041563807,0,0.042300588,0.023763185,0.138417924,0.044564598,0.275684226,0.01947655,0.032957035,0,0.011618719,0,0.754883394,0.728001793
TCGA-24-1560-01,0.072097596,0.155078389,0.026150948,0,0.228020469,0.01398267,0,0.037755083,0.015976534,0.111967477,0.061862136,0.164646587,0.085134135,0.02590769,0.001420286,0,0.006,0.234420213,0.982685022
TCGA-29-1783-01,0.018808582,0.04660623,0.04850076,0,0.239004007,0.07046986,0,0.027685184,0.037501944,0.145448286,0.07524887,0.267334326,0,0.017559478,0,0.005832473,0,0.559124106,0.836444158
TCGA-59-2348-01,0.070453977,0.163755946,0,0,0.206715044,0.044059786,0.002127469,0.045206545,0.013575702,0.241114501,0.058170419,0.140781275,0,0.006582052,0,0.007457283,0.006,0.237338845,0.986937318
TCGA-24-1424-01,0.073027835,0.086444631,0.031312174,0,0.19703698,0.028226528,0,0.03498439,0.026135069,0.161236273,0.081503535,0.218835085,0.019778964,0.028504152,0,0.012974384,0,0.485666998,0.875996851
TCGA-13-1507-01,0.024152755,0.102605015,0.047566278,0,0.288183885,0.011167412,0,0.051921881,0.031524409,0.08842846,0.110331635,0.20867563,0.004987163,0.026239217,0,0.004216261,0,0.668217773,0.784431519
TCGA-25-2404-01,0.033461603,0.090099776,0.026432449,0,0.308899836,0.011147106,0,0.044732812,0.035843612,0.072191491,0.116526133,0.2265282,0.014085982,0.017413489,0,0.002637512,0,0.346493309,0.940517534
TCGA-61-2095-01,0.014961698,0,0,0,0.160836651,0.084187912,0,0.113976527,0.063312786,0.26052254,0,0.2185322,0.063027574,0.020642112,0,0,0,0.704072911,0.741810484
TCGA-29-1702-01,0.031518041,0.232479264,0,0,0.141264683,0.024173339,0,0.054500183,0.020614378,0.146633978,0.011029336,0.305900471,0.004753757,0.025599542,0,0.001533027,0.036,0.185348286,1.006860734
TCGA-24-1417-01,0.022091397,0.074438785,0.04805319,0,0.213469867,0.05149911,0,0.070422623,0.010764843,0.174962311,0.050070712,0.211709067,0.048636309,0.023881788,0,0,0,0.689186007,0.769962473
TCGA-57-1585-01,0.038014852,0.040717089,0.033656916,0,0.242471206,0.036359926,0,0.033942223,0.051516073,0.258443258,0.035094808,0.193489936,0.005584204,0.030709511,0,0,0,0.67520516,0.767022143